{"accuracy": [0.7777777910232544, 0.8666187524795532, 0.8862547874450684, 0.8977490663528442, 0.8989463448524475, 0.9130747318267822], "loss": [0.5106737017631531, 0.3167782723903656, 0.26586419343948364, 0.2457028031349182, 0.23890270292758942, 0.2117866724729538], "val_accuracy": [0.9280303120613098, 0.9185606241226196, 0.9318181872367859, 0.9204545617103577, 0.9270833134651184, 0.9204545617103577], "val_loss": [0.14725327491760254, 0.14999175071716309, 0.12377189844846725, 0.1656953990459442, 0.1444569230079651, 0.18079647421836853]}